fold,n_rows,rmse,best_iteration
0,757738,13.354885551046255,146
1,756650,13.95624501245987,143
2,756255,13.939411789022698,110
3,757101,13.778536724810902,864
4,756245,14.39097594084511,543
