fold,n_rows,rmse,best_iteration
0,757738,14.884155654819612,8
1,756650,14.948612920943615,124
2,756255,14.044871783025535,594
3,757101,15.623081038251918,593
4,756245,15.71302117878154,600
