{
  "created": "2026-06-02T15:12:13.362452+09:00",
  "gr_tol": 6.0,
  "rmse": {
    "anchor": 15.909852870734552,
    "geom_exp014": 13.525189459235134,
    "nearest_gr_w60": 30.374057971358194,
    "oracle_full_range": 25.481519980873745,
    "oracle_geomprior_band25": 10.297138322879452,
    "oracle_window_40": 11.979114574711527,
    "oracle_window_60": 12.780012691770509,
    "oracle_window_110": 14.77989903478197
  }
}