fold,n_rows,rmse,best_iteration
0,757738,13.139644144766631,631
1,756650,13.968884902138004,269
2,756255,13.971967635974933,408
3,757101,13.940404462895541,735
4,756245,14.602584758809492,1284
