fold,rmse,best_iter
0,12.933321607036378,288
1,13.348163649151655,160
2,13.454120415009795,85
3,14.141715976452767,177
4,15.031467015568452,1500
