{
  "exp": "exp029b_physical_lateral",
  "results": {
    "physE_MD": 110.6372548389278,
    "physF_Z": 342.07224410975186,
    "physG_robust": 112.76541050527631,
    "physH_anchor": 15.909852870734552,
    "phys_blend": 140.03728000113153
  },
  "anchor_baseline_rmse": 15.9099,
  "phys_blend_per_well": {
    "median": 37.63427310173193,
    "p75": 79.44921603080188,
    "p90": 142.58655194581993,
    "max": 988.7984861379337,
    "n_gt20": 536
  },
  "wall_time_sec": 3.0915651321411133
}