{
  "exp_id": "exp026_final_blend",
  "created_at": "2026-06-03T11:49:42.592458+09:00",
  "status": "completed",
  "pf_source": "exp025_pf_tuned",
  "base_learners": [
    "pf",
    "geom",
    "trees",
    "nn",
    "attn"
  ],
  "pf_alone_cv": 10.98386117248221,
  "nested_fold_cv": 10.075635380483348,
  "nested_plus_smooth_cv": 10.06213414553274,
  "full_weights": {
    "pf": 0.6701415679080195,
    "geom": 0.0,
    "trees": 0.0,
    "nn": 0.0,
    "attn": 0.4706245512236239
  },
  "fold_weights": {
    "0": {
      "pf": 0.6670920926654484,
      "geom": 0.005263197719985631,
      "trees": 0.0,
      "nn": 0.0,
      "attn": 0.4312797243319374
    },
    "1": {
      "pf": 0.6778327155764118,
      "geom": 0.05027866680507201,
      "trees": 0.29503991913607863,
      "nn": 0.0,
      "attn": 0.11278163355231496
    },
    "2": {
      "pf": 0.6549090624502307,
      "geom": 0.03810270667795077,
      "trees": 0.0,
      "nn": 0.0,
      "attn": 0.4741020302789023
    },
    "3": {
      "pf": 0.6640056782252186,
      "geom": 0.0,
      "trees": 0.0,
      "nn": 0.0,
      "attn": 0.48995256576220214
    },
    "4": {
      "pf": 0.6882285621737149,
      "geom": 0.0,
      "trees": 0.07064404968632876,
      "nn": 0.0,
      "attn": 0.3630074077402683
    }
  },
  "prev_best_exp024": 10.076887,
  "leak_risk": "none (leak-free, nested-fold weights)"
}
