{
  "gate_T": 12,
  "pooled_gated": 10.796274820537471,
  "pooled_fwd": 10.921856453636163,
  "pf128": 10.9839,
  "gain_vs_pf128": 0.187625179462529
}