well_id,n_target,anchor_rmse,leak_rmse
000d7d20,3836,7.454442102844319,0.0
00bbac68,6014,15.263052288602681,0.0
00e12e8b,4301,7.92458894231589,0.0
