fold,n_rows,rmse,best_iteration
0,757738,12.675699748184035,700
1,756650,13.578981876500945,158
2,756255,13.711678916059617,329
3,757101,13.655822937875778,629
4,756245,13.969218727979934,872
