fold,n_rows,rmse,best_iteration
0,757738,13.061988530384642,458
1,756650,13.980589729738995,270
2,756255,13.618236181797645,180
3,757101,14.22897436448098,514
4,756245,14.405314173554919,600
