fold,n_rows,rmse,best_iteration
0,757738,13.039682924430958,286
1,756650,14.041554783529708,241
2,756255,13.534086774710326,255
3,757101,13.962596121883225,286
4,756245,14.425618230327585,839
