{
  "nested_cv_raw_blend": 8.808814711105653,
  "nested_cv_final": 8.689678673025506,
  "final_folds": [
    8.163983287187154,
    8.804850342068889,
    8.01996219451512,
    8.857078485109223,
    9.519567597614353
  ],
  "recipe": {
    "components": [
      "pf",
      "tcn_resid",
      "pilk_cat",
      "pilk_tcn",
      "rav_lgb3",
      "rav_cb1",
      "rav_cb2"
    ],
    "weights_mean": {
      "pf": 0.4276941642695524,
      "tcn_resid": 0.11176449633531227,
      "pilk_cat": 0.15351177778602945,
      "pilk_tcn": 0.25512243414482594,
      "rav_lgb3": 0.25101510087609097,
      "rav_cb1": 0.011204592792462772,
      "rav_cb2": 0.036774666183634744
    },
    "warmup_tau": 85,
    "smooth": [
      "mean",
      101
    ],
    "projection": [
      4,
      0.75
    ]
  },
  "individual_rmse": {
    "geom": 13.414929851220704,
    "pf": 10.983861172482264,
    "tcn": 14.87437003896082,
    "tcn_resid": 13.386214213347175,
    "pilk_xgb": 11.3615226725707,
    "pilk_cat": 11.024700298628423,
    "pilk_hgb": 11.25584147002333,
    "pilk_lgb": 11.247567283150916,
    "pilk_tcn": 11.257960047098923,
    "pilk_blend": 10.71064475898932,
    "pilk_blend_pp": 10.670210997029473,
    "rav_lgb1": 10.76677437154653,
    "rav_lgb2": 10.485225954621157,
    "rav_lgb3": 10.47331474000125,
    "rav_cb1": 10.575027663903812,
    "rav_cb2": 10.55501443431758,
    "rav_ridge_stack": 10.423499442242017
  },
  "weights_per_fold": {
    "pf": [
      0.43814707980874623,
      0.4188092547452162,
      0.4203618774028781,
      0.4024724992551204,
      0.4586801101358012
    ],
    "tcn_resid": [
      0.10600742449723842,
      0.09762615448157862,
      0.1596625351648528,
      0.10189194981691063,
      0.09363441771598087
    ],
    "pilk_cat": [
      0.14091888432262745,
      0.1229162308285193,
      0.1616819907865022,
      0.13627175740071973,
      0.20577002559177848
    ],
    "pilk_tcn": [
      0.25493157215195345,
      0.31217562644381,
      0.26628242480761294,
      0.24616492179690985,
      0.1960576255238435
    ],
    "rav_lgb3": [
      0.23181169760642117,
      0.3070638893607948,
      0.26207443722718055,
      0.31961799563464555,
      0.13450748455141287
    ],
    "rav_cb1": [
      0.004458655683823605,
      0.0,
      0.0,
      0.0231661473061166,
      0.028398160972373656
    ],
    "rav_cb2": [
      0.05835839675959856,
      0.0,
      0.0,
      0.023173118647205074,
      0.1023418155113701
    ]
  },
  "current_best_reference": 9.086,
  "beats_current_best": true,
  "report": [
    {
      "step": "nnls_blend_raw",
      "pooled": 8.811402660563258,
      "folds": [
        8.278118075396497,
        8.929411162274912,
        8.125160666530327,
        8.92132924601906,
        9.713337667118095
      ]
    },
    {
      "step": "nnls_pruned(7)",
      "pooled": 8.808814711105653,
      "folds": [
        8.278118075396497,
        8.916753133125694,
        8.12516066653033,
        8.921272913901273,
        9.71327881333127
      ]
    },
    {
      "step": "warmup_tau50",
      "pooled": 8.807115375604793,
      "folds": [
        8.27695884691283,
        8.914052511515806,
        8.122827255353755,
        8.919881828219356,
        9.71226896636392
      ]
    },
    {
      "step": "warmup_tau85",
      "pooled": 8.805991436034368,
      "folds": [
        8.2767522516282,
        8.911691962476768,
        8.11995443270356,
        8.918656766901222,
        9.713041996236289
      ]
    },
    {
      "step": "warmup_tau120",
      "pooled": 8.807113684961536,
      "folds": [
        8.278968579375272,
        8.911366571982732,
        8.117676888324539,
        8.918969022587852,
        9.718154759645014
      ]
    },
    {
      "step": "smooth_savgol17",
      "pooled": 8.805544976493177,
      "folds": [
        8.276336246372345,
        8.911120761087883,
        8.119511992649434,
        8.918169519749323,
        9.712714007428389
      ]
    },
    {
      "step": "smooth_savgol61",
      "pooled": 8.804395364759456,
      "folds": [
        8.275277094184416,
        8.909998116879652,
        8.118280950754178,
        8.91686715618194,
        9.711660149871795
      ]
    },
    {
      "step": "smooth_mean101",
      "pooled": 8.795686060658873,
      "folds": [
        8.265674194631965,
        8.90152049777571,
        8.109362047074066,
        8.90846386175496,
        9.703313397663868
      ]
    },
    {
      "step": "proj_d4_b0.75",
      "pooled": 8.689678673025506,
      "folds": [
        8.163983287187154,
        8.804850342068889,
        8.01996219451512,
        8.857078485109223,
        9.519567597614353
      ]
    },
    {
      "step": "proj_d4_b1.0",
      "pooled": 8.722023037404192,
      "folds": [
        8.203157976341195,
        8.845092987087494,
        8.058583147296071,
        8.899216934166393,
        9.52454339003576
      ]
    },
    {
      "step": "proj_d5_b0.75",
      "pooled": 8.698468272162907,
      "folds": [
        8.186082644125163,
        8.814685724268179,
        8.027948607620878,
        8.871943073694478,
        9.511018517466182
      ]
    },
    {
      "step": "proj_d5_b1.0",
      "pooled": 8.704573785000479,
      "folds": [
        8.197075274907908,
        8.821000229366842,
        8.033684395105196,
        8.879761125862679,
        9.511477071474388
      ]
    }
  ],
  "n_rows": 3783989,
  "runtime_min": 1.064461064338684
}