fold,n_rows,rmse,best_iteration
0,757738,13.21968944001055,960
1,756650,13.846692185699572,261
2,756255,13.953974168108822,568
3,757101,14.075130397979986,580
4,756245,14.486925731537667,789
