{
  "pf": 10.983861172482264,
  "geom": 13.414929851220704,
  "exp026_fixed": 10.04559076520243,
  "global_nnls": 10.060189257905137,
  "meta_stack": 10.803697184142274,
  "meta_folds": [
    10.170758367979087,
    10.543772019302931,
    10.451457331854614,
    10.428840371174296,
    12.289366411163616
  ],
  "gain_vs_exp026": -0.7581064189398443,
  "importance": {
    "pf_d": 501,
    "geom_d": 564,
    "disagree": 148,
    "md_since": 405,
    "Z": 907,
    "GR": 28,
    "dis_mean": 898,
    "dis_std": 720,
    "z_span": 858,
    "gr_std": 694,
    "n_hidden": 677,
    "row_frac": 296
  },
  "runtime_min": 1.1981402277946471
}