{
  "exp": "exp028_horizon_probe",
  "n_rows": 5092255,
  "features": [
    "MD",
    "X",
    "Y",
    "Z",
    "GR",
    "GR_roll30_mean",
    "GR_roll30_std",
    "GR_roll100_mean",
    "dZ_dMD",
    "dX_dMD",
    "dY_dMD",
    "MD_norm",
    "delta_MD_from_PS",
    "delta_Z_from_PS",
    "known_length",
    "hidden_length"
  ],
  "results_per_horizon": {
    "ANCC": {
      "pooled_rmse": NaN,
      "r2": NaN,
      "fold_rmses": [
        NaN,
        42.44700058273825,
        NaN,
        NaN,
        68.87866008008825
      ],
      "y_std": NaN,
      "y_range": [
        NaN,
        NaN
      ]
    },
    "ASTNU": {
      "pooled_rmse": 38.61086235729392,
      "r2": 0.9963814677101184,
      "fold_rmses": [
        42.786060498617594,
        36.70517641206635,
        35.24711932289812,
        38.34057871427115,
        39.54743422280619
      ],
      "y_std": 641.8643799398438,
      "y_range": [
        -10852.79,
        -7509.200000000001
      ]
    },
    "ASTNL": {
      "pooled_rmse": 37.41674785761948,
      "r2": 0.9964374272927733,
      "fold_rmses": [
        40.05858528895043,
        36.01151667966531,
        34.377240118149466,
        37.789957131131416,
        38.58015586401237
      ],
      "y_std": 626.8796460540003,
      "y_range": [
        -10865.58,
        -7614.43
      ]
    },
    "EGFDU": {
      "pooled_rmse": 34.898313362589604,
      "r2": 0.9968519995967057,
      "fold_rmses": [
        38.01087774832665,
        33.64268853836463,
        32.97859339476377,
        35.0959869036208,
        34.546065878671044
      ],
      "y_std": 621.9952216524719,
      "y_range": [
        -10887.58,
        -7704.030000000001
      ]
    },
    "EGFDL": {
      "pooled_rmse": NaN,
      "r2": NaN,
      "fold_rmses": [
        46.46946624768326,
        NaN,
        79.85313245858993,
        55.285977169785326,
        57.59521087929804
      ],
      "y_std": NaN,
      "y_range": [
        NaN,
        NaN
      ]
    },
    "BUDA": {
      "pooled_rmse": 35.935329373870296,
      "r2": 0.9968115516803103,
      "fold_rmses": [
        39.03526085877474,
        34.90588665477149,
        33.055379572223615,
        37.171495771680995,
        35.204575045413286
      ],
      "y_std": 636.4025905232481,
      "y_range": [
        -11104.73,
        -7835.57
      ]
    }
  },
  "wall_time_sec": 269.8374857902527
}