fold,n_rows,rmse
0,757738,15.026314001049332
1,756650,15.92652471402128
2,756255,14.943436891454548
3,757101,16.289956255776694
4,756245,17.249464555817354
