{
  "n_wells": 207,
  "pooled_pf128": 18.084503132446585,
  "pooled_single48": 17.976436493635074,
  "pooled_mht": 22.729752216697364,
  "rescued": 3,
  "worsened": 53,
  "chosen_offsets": {
    "0.0": 115,
    "-20.0": 28,
    "20.0": 27,
    "-40.0": 25,
    "40.0": 12
  },
  "runtime_min": 56.87231905460358
}