{
  "tvt_cv_full": 0.6426012204609184,
  "n_wells_validated": 773,
  "n_rows": 3783989,
  "timestamp": "2026-06-07T17:59:16.106931"
}