{
  "exp_id": "exp030c_multi_tw_gr_sim",
  "cv_rmse": 11.793013033007837,
  "anchor_rmse": 15.909852870734552,
  "n_wells": 773,
  "n_pf_beats_anchor": 564,
  "n_broken": 59,
  "best_cand_dist": {
    "0": 545,
    "1": 130,
    "2": 98
  },
  "wall_time_sec": 1320.6156432628632,
  "params": {
    "S": 32,
    "N": 500,
    "K": 3,
    "SCALE": 16.0,
    "OWN_BIAS": 2.0,
    "SEL_W_SPATIAL": 0.4,
    "SEL_W_GR": 0.4,
    "SEL_W_TVT": 0.2
  }
}